Datetime,Water Level (m)
2025-02-25 18:00:00,-0.45197037
2025-02-25 19:00:00,-0.1476122
2025-02-25 20:00:00,0.08727926
2025-02-25 21:00:00,0.23342182
2025-02-25 22:00:00,0.350379
2025-02-25 23:00:00,0.37055847
2025-02-26 00:00:00,0.27118212
2025-02-26 01:00:00,0.08326476
2025-02-26 02:00:00,-0.10829206
2025-02-26 03:00:00,-0.22318774
2025-02-26 04:00:00,-0.30498326
2025-02-26 05:00:00,-0.36017692
2025-02-26 06:00:00,-0.4145863
2025-02-26 07:00:00,-0.437641
2025-02-26 08:00:00,-0.18681036
2025-02-26 09:00:00,0.08493456
2025-02-26 10:00:00,0.23733805
2025-02-26 11:00:00,0.31650245
2025-02-26 12:00:00,0.25048935
2025-02-26 13:00:00,0.039803315
2025-02-26 14:00:00,-0.1258359
2025-02-26 15:00:00,-0.25424165
2025-02-26 16:00:00,-0.35519016
2025-02-26 17:00:00,-0.408301
2025-02-26 18:00:00,-0.45458665
2025-02-26 19:00:00,-0.4253464
2025-02-26 20:00:00,-0.08897698
2025-02-26 21:00:00,0.19513206
2025-02-26 22:00:00,0.37530825
2025-02-26 23:00:00,0.49643368
2025-02-27 00:00:00,0.49186635
2025-02-27 01:00:00,0.3313054
2025-02-27 02:00:00,0.11012711
2025-02-27 03:00:00,-0.07366313
2025-02-27 04:00:00,-0.18420722
2025-02-27 05:00:00,-0.26004553
2025-02-27 06:00:00,-0.31529215
2025-02-27 07:00:00,-0.36994392
2025-02-27 08:00:00,-0.31311855
2025-02-27 09:00:00,0.050357047
2025-02-27 10:00:00,0.28714514
2025-02-27 11:00:00,0.42816156
2025-02-27 12:00:00,0.4618863
2025-02-27 13:00:00,0.3322625
2025-02-27 14:00:00,0.101842985
2025-02-27 15:00:00,-0.063788824
2025-02-27 16:00:00,-0.19217584
2025-02-27 17:00:00,-0.27675503
2025-02-27 18:00:00,-0.33239493
2025-02-27 19:00:00,-0.3821437
2025-02-27 20:00:00,-0.24901058
2025-02-27 21:00:00,0.1418145
2025-02-27 22:00:00,0.3772805
2025-02-27 23:00:00,0.5544154
2025-02-28 00:00:00,0.6342461
2025-02-28 01:00:00,0.55595607
2025-02-28 02:00:00,0.3495752
2025-02-28 03:00:00,0.12400837
2025-02-28 04:00:00,-0.043983422
2025-02-28 05:00:00,-0.14219221
2025-02-28 06:00:00,-0.21121179
2025-02-28 07:00:00,-0.2709774
2025-02-28 08:00:00,-0.31377324
2025-02-28 09:00:00,-0.050489075
2025-02-28 10:00:00,0.28829122
2025-02-28 11:00:00,0.46867967
2025-02-28 12:00:00,0.5865419
2025-02-28 13:00:00,0.57504207
2025-02-28 14:00:00,0.38328123
2025-02-28 15:00:00,0.15469812
2025-02-28 16:00:00,-0.019782234
2025-02-28 17:00:00,-0.13965595
2025-02-28 18:00:00,-0.21093954
2025-02-28 19:00:00,-0.26859772
2025-02-28 20:00:00,-0.30481136
2025-02-28 21:00:00,-0.019732425
2025-02-28 22:00:00,0.33285758
2025-02-28 23:00:00,0.5330823
2025-03-01 00:00:00,0.6778621
2025-03-01 01:00:00,0.70105803
2025-03-01 02:00:00,0.54280895
2025-03-01 03:00:00,0.31125623
2025-03-01 04:00:00,0.10203032
2025-03-01 05:00:00,-0.03461095
2025-03-01 06:00:00,-0.122336
2025-03-01 07:00:00,-0.18638833
2025-03-01 08:00:00,-0.25111628
2025-03-01 09:00:00,-0.23172306
2025-03-01 10:00:00,0.1913041
2025-03-01 11:00:00,0.46147504
2025-03-01 12:00:00,0.6244024
2025-03-01 13:00:00,0.6986193
2025-03-01 14:00:00,0.6095448
2025-03-01 15:00:00,0.38514563
2025-03-01 16:00:00,0.1693614
2025-03-01 17:00:00,0.0054391036
2025-03-01 18:00:00,-0.09261772
2025-03-01 19:00:00,-0.15903388
2025-03-01 20:00:00,-0.21706893
2025-03-01 21:00:00,-0.20353024
2025-03-01 22:00:00,0.20661654
2025-03-01 23:00:00,0.48913437
2025-03-02 00:00:00,0.672254
2025-03-02 01:00:00,0.7777193
2025-03-02 02:00:00,0.72880715
2025-03-02 03:00:00,0.51994824
2025-03-02 04:00:00,0.28675368
2025-03-02 05:00:00,0.09872209
2025-03-02 06:00:00,-0.010668287
2025-03-02 07:00:00,-0.08548013
2025-03-02 08:00:00,-0.1499075
2025-03-02 09:00:00,-0.20252712
2025-03-02 10:00:00,0.027709179
2025-03-02 11:00:00,0.39775258
2025-03-02 12:00:00,0.5971168
2025-03-02 13:00:00,0.7493307
2025-03-02 14:00:00,0.78141224
2025-03-02 15:00:00,0.6265364
2025-03-02 16:00:00,0.38925442
2025-03-02 17:00:00,0.17588611
2025-03-02 18:00:00,0.032603927
2025-03-02 19:00:00,-0.05596593
2025-03-02 20:00:00,-0.122100845
2025-03-02 21:00:00,-0.1837526
2025-03-02 22:00:00,-0.045274824
2025-03-02 23:00:00,0.35775802
2025-03-03 00:00:00,0.5852332
2025-03-03 01:00:00,0.74045885
2025-03-03 02:00:00,0.7843992
2025-03-03 03:00:00,0.648047
2025-03-03 04:00:00,0.4145587
2025-03-03 05:00:00,0.20140128
2025-03-03 06:00:00,0.048996165
2025-03-03 07:00:00,-0.043836825
2025-03-03 08:00:00,-0.11104906
2025-03-03 09:00:00,-0.17635961
2025-03-03 10:00:00,-0.18814802
2025-03-03 11:00:00,0.19593023
2025-03-03 12:00:00,0.4830681
2025-03-03 13:00:00,0.6554422
2025-03-03 14:00:00,0.76601213
2025-03-03 15:00:00,0.73837405
2025-03-03 16:00:00,0.54566795
2025-03-03 17:00:00,0.3148595
2025-03-03 18:00:00,0.12159467
